"Priority","User","SignIn","LastSignIn","Has","Problem","DoThis"
"1 - Lockout","Dale Hendricks","dale.hendricks@fabrikam-example.com","4 days ago","Phone + Email","A phone is the only MFA that still works after 2027-02-01 - and this is an admin","Issue a Temporary Access Pass, have them register a passkey or Authenticator, verify it works, then remove the phone."
"1 - Lockout","Ingrid Solberg","ingrid.solberg_northwind-example.com#EXT#@fabrikam-example.onmicrosoft.com","4 days ago","Phone","A phone is the only MFA that still works after 2027-02-01","Issue a Temporary Access Pass, have them register a passkey or Authenticator, verify it works, then remove the phone."
"1 - Lockout","Marcus Whitfield","marcus.whitfield@fabrikam-example.com","4 days ago","Phone","A phone is the only MFA that still works after 2027-02-01","Issue a Temporary Access Pass, have them register a passkey or Authenticator, verify it works, then remove the phone."
"1 - Lockout","Priya Raghunathan","priya.raghunathan@fabrikam-example.com","4 days ago","Phone + Office phone","A phone is the only MFA that still works after 2027-02-01 - and this is an admin","Issue a Temporary Access Pass, have them register a passkey or Authenticator, verify it works, then remove the phone."
"1 - Lockout","Sofia Marchetti","sofia.marchetti@fabrikam-example.com","4 days ago","Phone","A phone is the only MFA that still works after 2027-02-01","Issue a Temporary Access Pass, have them register a passkey or Authenticator, verify it works, then remove the phone."
"1 - Lockout","Service Account - Scanner","svc-scanner@fabrikam-example.com","412 days ago","Alt phone","A phone is the only MFA that still works after 2027-02-01","Dormant - confirm with the leaver process first. Then: Issue a Temporary Access Pass, have them register a passkey or Authenticator, verify it works, then remove the phone."
"1 - Lockout","Rosalind Achebe","rosalind.achebe@fabrikam-example.com","Never recorded","Office phone + Email","A phone is the only MFA that still works after 2027-02-01","Dormant - confirm with the leaver process first. Then: Issue a Temporary Access Pass, have them register a passkey or Authenticator, verify it works, then remove the phone. Convert off legacy per-user MFA in the same session."
"3 - Migrate","Tobias Lindqvist","tobias.lindqvist@fabrikam-example.com","4 days ago","App code","In SMS/voice policy scope with no surviving method","Include in the passkey registration campaign."
"4 - Likely leaver","Marguerite Delacroix","marguerite.delacroix@fabrikam-example.com","620 days ago","App code","In SMS/voice policy scope with no surviving method","Check the leaver process first. If they are gone, disable and deprovision instead of migrating."
